[{"user":"rada","pass":"rada","puntaje":"3","rompecabeza":[{"piezas":[{"id":"1","posx":"5px","posy":"5px","url":"img\/peppa\/1.jpg"},{"id":"2","posx":"5px","posy":"150px","url":"img\/peppa\/2.jpg"},{"id":"3","posx":"90px","posy":"75px","url":"img\/peppa\/3.jpg"},{"id":"4","posx":"5px","posy":"295px","url":"img\/peppa\/4.jpg"},{"id":"5","posx":"90px","posy":"220px","url":"img\/peppa\/5.jpg"},{"id":"6","posx":"5px","posy":"444px","url":"img\/peppa\/6.jpg"},{"id":"7","posx":"90px","posy":"365px","url":"img\/peppa\/7.jpg"},{"id":"8","posx":"5px","posy":"585px","url":"img\/peppa\/8.jpg"},{"id":"9","posx":"90px","posy":"510px","url":"img\/peppa\/9.jpg"}],"espacios":[{"id":"9","posx":"7px","posy":"5px","url":"img\/pepa.png"},{"id":"8","posx":"7px","posy":"139px","url":"img\/pepa.jpg"},{"id":"7","posx":"7px","posy":"272px","url":"img\/pepa.jpg"},{"id":"6","posx":"221px","posy":"5px","url":"img\/pepa.jpg"},{"id":"5","posx":"221px","posy":"139px","url":"img\/pepa.jpg"},{"id":"4","posx":"221px","posy":"272px","url":"img\/pepa.jpg"},{"id":"3","posx":"435px","posy":"5px","url":"img\/pepa.jpg"},{"id":"2","posx":"435px","posy":"139px","url":"img\/pepa.jpg"},{"id":"1","posx":"435px","posy":"272px","url":"img\/pepa.png"}]},{"piezas":[{"id":"1","posx":"5px","posy":"5px","url":"img\/dora\/1.jpg"},{"id":"2","posx":"5px","posy":"150px","url":"img\/dora\/2.jpg"},{"id":"3","posx":"90px","posy":"75px","url":"img\/dora\/3.jpg"},{"id":"4","posx":"5px","posy":"295px","url":"img\/dora\/4.jpg"},{"id":"5","posx":"90px","posy":"220px","url":"img\/dora\/5.jpg"},{"id":"6","posx":"5px","posy":"444px","url":"img\/dora\/6.jpg"},{"id":"7","posx":"90px","posy":"365px","url":"img\/dora\/7.jpg"},{"id":"8","posx":"5px","posy":"585px","url":"img\/dora\/8.jpg"},{"id":"9","posx":"90px","posy":"510px","url":"img\/dora\/9.jpg"}],"espacios":[{"id":"9","posx":"7px","posy":"5px","url":"img\/dora.png"},{"id":"8","posx":"7px","posy":"139px","url":"img\/dora.jpg"},{"id":"7","posx":"7px","posy":"272px","url":"img\/dora.jpg"},{"id":"6","posx":"221px","posy":"5px","url":"img\/dora.jpg"},{"id":"5","posx":"221px","posy":"139px","url":"img\/dora.jpg"},{"id":"4","posx":"221px","posy":"272px","url":"img\/dora.jpg"},{"id":"3","posx":"435px","posy":"5px","url":"img\/dora.jpg"},{"id":"2","posx":"435px","posy":"139px","url":"img\/dora.jpg"},{"id":"1","posx":"435px","posy":"272px","url":"img\/dora.png"}]},{"piezas":[{"id":"1","posx":"5px","posy":"5px","url":"img\/doraemon\/1.jpg"},{"id":"2","posx":"5px","posy":"150px","url":"img\/doraemon\/2.jpg"},{"id":"3","posx":"90px","posy":"75px","url":"img\/doraemon\/3.jpg"},{"id":"4","posx":"5px","posy":"295px","url":"img\/doraemon\/4.jpg"},{"id":"5","posx":"90px","posy":"220px","url":"img\/doraemon\/5.jpg"},{"id":"6","posx":"5px","posy":"444px","url":"img\/doraemon\/6.jpg"},{"id":"7","posx":"90px","posy":"365px","url":"img\/doraemon\/7.jpg"},{"id":"8","posx":"5px","posy":"585px","url":"img\/doraemon\/8.jpg"},{"id":"9","posx":"90px","posy":"510px","url":"img\/doraemon\/9.jpg"}],"espacios":[{"id":"9","posx":"7px","posy":"5px","url":"img\/doraemon.png"},{"id":"8","posx":"7","posy":"139px","url":"img\/doraemon.jpg"},{"id":"7","posx":"7px","posy":"272px","url":"img\/doraemon.jpg"},{"id":"6","posx":"221px","posy":"5px","url":"img\/doraemon.jpg"},{"id":"5","posx":"221px","posy":"139px","url":"img\/doraemon.jpg"},{"id":"4","posx":"221px","posy":"272px","url":"img\/doraemon.jpg"},{"id":"3","posx":"435px","posy":"5px","url":"img\/doraemon.jpg"},{"id":"2","posx":"435px","posy":"139px","url":"img\/doraemon.jpg"},{"id":"1","posx":"435px","posy":"272px","url":"img\/doraemon.png"}]}]}]